,mean_fit_time,std_fit_time,mean_score_time,std_score_time,param_pca__n_components,param_xgb__learning_rate,param_xgb__max_depth,param_xgb__n_estimators,param_xgb__subsample,params,split0_test_score,split1_test_score,split2_test_score,split3_test_score,split4_test_score,mean_test_score,std_test_score,rank_test_score
22,12.368476104736327,0.09654392934280075,0.010001373291015626,3.7467386780859357e-06,mle,0.01,4,500,0.9,"{'pca__n_components': 'mle', 'xgb__learning_rate': 0.01, 'xgb__max_depth': 4, 'xgb__n_estimators': 500, 'xgb__subsample': 0.9}",0.8456410416536563,0.8419799537875475,0.8452170015842575,0.8549466355373968,0.8579860947873735,0.8491541454700464,0.006178483578088785,1
20,4.658876180648804,0.02470262871653811,0.010003137588500976,6.435358672617269e-06,mle,0.01,4,200,0.9,"{'pca__n_components': 'mle', 'xgb__learning_rate': 0.01, 'xgb__max_depth': 4, 'xgb__n_estimators': 200, 'xgb__subsample': 0.9}",0.843954911634297,0.8420944440975041,0.8450163637121654,0.8527630701242392,0.8590099196088571,0.8485677418354125,0.006362922736376124,2
23,12.263372135162353,0.10147265410661602,0.01000227928161621,6.150275168375484e-06,mle,0.01,4,500,1,"{'pca__n_components': 'mle', 'xgb__learning_rate': 0.01, 'xgb__max_depth': 4, 'xgb__n_estimators': 500, 'xgb__subsample': 1}",0.8450269572638897,0.8427215387497659,0.8443857875427333,0.8525806720587008,0.855489215886,0.8480408343002178,0.005036392396613465,3
18,2.325760078430176,0.020047359028590363,0.006002044677734375,0.004900650290302413,mle,0.01,4,100,0.9,"{'pca__n_components': 'mle', 'xgb__learning_rate': 0.01, 'xgb__max_depth': 4, 'xgb__n_estimators': 100, 'xgb__subsample': 0.9}",0.8418342388476031,0.8424275068173775,0.8434607687817893,0.8511214875343952,0.8589132830823395,0.847551457012701,0.006595625655183061,4
32,1.1830027103424072,0.010377463430789668,0.007003259658813476,0.0036748072107888287,mle,0.1,4,50,0.9,"{'pca__n_components': 'mle', 'xgb__learning_rate': 0.1, 'xgb__max_depth': 4, 'xgb__n_estimators': 50, 'xgb__subsample': 0.9}",0.8445013426590896,0.8392269822435937,0.8445238889352122,0.851593116818144,0.8549198439189507,0.8469530349149981,0.005596496060276798,5
21,4.636502933502197,0.06762076427196212,0.008001708984375,0.004000856324995809,mle,0.01,4,200,1,"{'pca__n_components': 'mle', 'xgb__learning_rate': 0.01, 'xgb__max_depth': 4, 'xgb__n_estimators': 200, 'xgb__subsample': 1}",0.8422609754574408,0.8421308728324902,0.8422308846827317,0.8511866297006587,0.8567742205088827,0.8469167166364409,0.006032243166704019,6
33,1.1885178089141846,0.011668138535990429,0.008504819869995118,0.004363361268507715,mle,0.1,4,50,1,"{'pca__n_components': 'mle', 'xgb__learning_rate': 0.1, 'xgb__max_depth': 4, 'xgb__n_estimators': 50, 'xgb__subsample': 1}",0.8423364349799121,0.8406294885405609,0.8425852580672057,0.8524946843992328,0.8551966945084334,0.846648512099069,0.005976317261890557,7
6,12.406679487228393,0.15246028088211014,0.010004377365112305,5.402377715403957e-06,mle,0.001,4,500,0.9,"{'pca__n_components': 'mle', 'xgb__learning_rate': 0.001, 'xgb__max_depth': 4, 'xgb__n_estimators': 500, 'xgb__subsample': 0.9}",0.8398983117883387,0.8417978101126169,0.8403886642207955,0.8486017885433168,0.8583752526914579,0.8458123654713052,0.007015928125753692,8
28,8.603447723388673,0.026344741926544023,0.00600275993347168,0.004901237195770422,mle,0.01,6,200,0.9,"{'pca__n_components': 'mle', 'xgb__learning_rate': 0.01, 'xgb__max_depth': 6, 'xgb__n_estimators': 200, 'xgb__subsample': 0.9}",0.8429427132121817,0.8383084577114428,0.840448595013758,0.8511605728341533,0.8554970512800422,0.8456714780103155,0.0065667462887601235,9
16,1.1327453136444092,0.026275587382312636,0.005999326705932617,0.004898429781170139,mle,0.01,4,50,0.9,"{'pca__n_components': 'mle', 'xgb__learning_rate': 0.01, 'xgb__max_depth': 4, 'xgb__n_estimators': 50, 'xgb__subsample': 0.9}",0.839299839713566,0.8403640791856616,0.8396382264654382,0.8490499666472109,0.8578163279164642,0.8452336879856682,0.007254235249237722,10
30,21.537671518325805,0.09856970131291698,0.012001657485961914,0.0040041685313762015,mle,0.01,6,500,0.9,"{'pca__n_components': 'mle', 'xgb__learning_rate': 0.01, 'xgb__max_depth': 6, 'xgb__n_estimators': 500, 'xgb__subsample': 0.9}",0.8423858739773935,0.8377568225816523,0.8414700241807722,0.8506368298173934,0.8531803864416341,0.8450859873997691,0.0058380408840670904,11
19,2.3233902931213377,0.03895225576415989,0.004801464080810547,0.004489087555767384,mle,0.01,4,100,1,"{'pca__n_components': 'mle', 'xgb__learning_rate': 0.01, 'xgb__max_depth': 4, 'xgb__n_estimators': 100, 'xgb__subsample': 1}",0.8393805033410353,0.8417978101126169,0.8386246143583759,0.8485731259901609,0.8569361519857499,0.8450624411575877,0.006894893239667762,12
35,2.2854858875274657,0.04136416098254723,0.0032043933868408205,0.004123969829326157,mle,0.1,4,100,1,"{'pca__n_components': 'mle', 'xgb__learning_rate': 0.1, 'xgb__max_depth': 4, 'xgb__n_estimators': 100, 'xgb__subsample': 1}",0.8442853723016717,0.8367758487895252,0.8445681856082714,0.8506211956974902,0.8470034841385506,0.8446508173071019,0.0045461184882641305,13
4,5.364418935775757,0.04081302763683386,0.010001087188720703,3.522145330928686e-06,mle,0.001,4,200,0.9,"{'pca__n_components': 'mle', 'xgb__learning_rate': 0.001, 'xgb__max_depth': 4, 'xgb__n_estimators': 200, 'xgb__subsample': 0.9}",0.8380144257790546,0.8388600928412333,0.8398831610105895,0.8459101142333028,0.8573618750620301,0.8440059337852419,0.007230244437478571,14
26,4.859253454208374,0.04152249246574445,0.003999853134155273,0.004898799617597838,mle,0.01,6,100,0.9,"{'pca__n_components': 'mle', 'xgb__learning_rate': 0.01, 'xgb__max_depth': 6, 'xgb__n_estimators': 100, 'xgb__subsample': 0.9}",0.8385868773288371,0.8393805033410353,0.8374468439923289,0.8488858083882265,0.8544941208426705,0.8437588307786197,0.006742290159826245,15
7,12.07436408996582,0.15401894704295677,0.010004615783691407,5.7903818683105e-06,mle,0.001,4,500,1,"{'pca__n_components': 'mle', 'xgb__learning_rate': 0.001, 'xgb__max_depth': 4, 'xgb__n_estimators': 500, 'xgb__subsample': 1}",0.8355190574325029,0.8410562251503986,0.836441048945218,0.8467908363211875,0.8559723985185881,0.8431559132735791,0.0075537357631554666,16
34,2.2803107261657716,0.019458446619989817,0.00720067024230957,0.003918098014031458,mle,0.1,4,100,0.9,"{'pca__n_components': 'mle', 'xgb__learning_rate': 0.1, 'xgb__max_depth': 4, 'xgb__n_estimators': 100, 'xgb__subsample': 0.9}",0.8411967359853453,0.8361461520847645,0.8417566497123322,0.8487477069957475,0.8478993308573488,0.8431493151271077,0.0046626390770118506,17
2,2.8144147872924803,0.012318693460157118,0.02131180763244629,0.009722073889203297,mle,0.001,4,100,0.9,"{'pca__n_components': 'mle', 'xgb__learning_rate': 0.001, 'xgb__max_depth': 4, 'xgb__n_estimators': 100, 'xgb__subsample': 0.9}",0.8371037074044007,0.8382225899789754,0.8387132077044943,0.8445186775619112,0.8568212328731346,0.8430758831045833,0.007338536223381018,18
0,1.472489070892334,0.03545567741502855,0.01000041961669922,0.006324473977153989,mle,0.001,4,50,0.9,"{'pca__n_components': 'mle', 'xgb__learning_rate': 0.001, 'xgb__max_depth': 4, 'xgb__n_estimators': 50, 'xgb__subsample': 0.9}",0.8360524781948,0.8373404941818107,0.8384552447260901,0.8458267322604854,0.8569909997440438,0.842933189821446,0.0078060109780872175,19
40,2.6405627727508545,0.12024547786659288,0.0078030586242675785,0.0039208779512957415,mle,0.1,6,50,0.9,"{'pca__n_components': 'mle', 'xgb__learning_rate': 0.1, 'xgb__max_depth': 6, 'xgb__n_estimators': 50, 'xgb__subsample': 0.9}",0.841618268490185,0.8357454359999168,0.8361778745935129,0.8495997665304762,0.8497902726194766,0.8425863236467135,0.006162602627715356,20
17,1.1718349933624268,0.0072956185347045795,0.010708999633789063,0.0014067018343581932,mle,0.01,4,50,1,"{'pca__n_components': 'mle', 'xgb__learning_rate': 0.01, 'xgb__max_depth': 4, 'xgb__n_estimators': 50, 'xgb__subsample': 1}",0.8352042090801225,0.839029226253669,0.836527036604686,0.8467752022012841,0.8552619894587831,0.8425595327197091,0.007511047002261715,21
14,23.242825508117676,0.24967356100944219,0.008602094650268555,0.0027969837778091,mle,0.001,6,500,0.9,"{'pca__n_components': 'mle', 'xgb__learning_rate': 0.001, 'xgb__max_depth': 6, 'xgb__n_estimators': 500, 'xgb__subsample': 0.9}",0.8366093174295886,0.8389980016236808,0.8371836696406237,0.8468924581005587,0.8526345206567105,0.8424635934902325,0.006280494760762184,22
31,23.071722555160523,0.7948602447550968,0.010003900527954102,8.312025326006921e-06,mle,0.01,6,500,1,"{'pca__n_components': 'mle', 'xgb__learning_rate': 0.01, 'xgb__max_depth': 6, 'xgb__n_estimators': 500, 'xgb__subsample': 1}",0.8411238785153727,0.8339057848831158,0.8374702951721837,0.8491281372467273,0.850182042321575,0.842362027627795,0.006385968527720054,23
29,8.695170497894287,0.1354199431545761,0.004003143310546875,0.004902832079567842,mle,0.01,6,200,1,"{'pca__n_components': 'mle', 'xgb__learning_rate': 0.01, 'xgb__max_depth': 6, 'xgb__n_estimators': 200, 'xgb__subsample': 1}",0.8412175524053372,0.8350324736151877,0.8356332860835487,0.8466657633619612,0.8525065425540249,0.8422111236040118,0.006657741547460132,24
24,2.550590467453003,0.12710028906593984,0.010004234313964844,8.499747739511601e-06,mle,0.01,6,50,0.9,"{'pca__n_components': 'mle', 'xgb__learning_rate': 0.01, 'xgb__max_depth': 6, 'xgb__n_estimators': 50, 'xgb__subsample': 0.9}",0.8349387997252232,0.8365468681696122,0.8349610189277078,0.8468742182940048,0.8532038926237601,0.8413049595480617,0.0074298621571249395,25
41,2.9850517749786376,0.09796575197462166,0.009511899948120118,0.0018121483901340802,mle,0.1,6,50,1,"{'pca__n_components': 'mle', 'xgb__learning_rate': 0.1, 'xgb__max_depth': 6, 'xgb__n_estimators': 50, 'xgb__subsample': 1}",0.8392321863485918,0.8346629821603281,0.8343721337446843,0.8474448636704744,0.8495134220299939,0.8410451175908145,0.006343753080181482,26
27,4.726127576828003,0.0804741405835034,0.009505605697631836,0.0015509167428521423,mle,0.01,6,100,1,"{'pca__n_components': 'mle', 'xgb__learning_rate': 0.01, 'xgb__max_depth': 6, 'xgb__n_estimators': 100, 'xgb__subsample': 1}",0.836760236474531,0.839778617373384,0.833335070457767,0.8422829984157425,0.8511536311827788,0.8406621107808407,0.006039701659328334,27
12,8.914328002929688,0.07030161008506317,0.008310365676879882,0.004303175815157771,mle,0.001,6,200,0.9,"{'pca__n_components': 'mle', 'xgb__learning_rate': 0.001, 'xgb__max_depth': 6, 'xgb__n_estimators': 200, 'xgb__subsample': 0.9}",0.8336976206831949,0.8364427860696516,0.8358495580755441,0.844594242474777,0.8513730222159539,0.8403914459038242,0.006622484019323281,28
10,4.95939302444458,0.03168143123907345,0.008004474639892577,0.004002241028324529,mle,0.001,6,100,0.9,"{'pca__n_components': 'mle', 'xgb__learning_rate': 0.001, 'xgb__max_depth': 6, 'xgb__n_estimators': 100, 'xgb__subsample': 0.9}",0.831860571618893,0.8367836549470223,0.8349896814808639,0.8434425289752355,0.8514304817722617,0.8397013837588553,0.006982256405033352,29
8,2.5605396270751952,0.02502040496355309,0.008000326156616212,0.004000163167477582,mle,0.001,6,50,0.9,"{'pca__n_components': 'mle', 'xgb__learning_rate': 0.001, 'xgb__max_depth': 6, 'xgb__n_estimators': 50, 'xgb__subsample': 0.9}",0.8293261724848562,0.8374731988592602,0.832008775952639,0.84346337446844,0.8504719519011279,0.8385486947332648,0.007685054118806391,30
5,5.308937644958496,0.09987666203471779,0.010002326965332032,3.308439018001872e-06,mle,0.001,4,200,1,"{'pca__n_components': 'mle', 'xgb__learning_rate': 0.001, 'xgb__max_depth': 4, 'xgb__n_estimators': 200, 'xgb__subsample': 1}",0.8307833218843024,0.8332969045983472,0.8326601976152757,0.8432653422829984,0.8516237548252968,0.8383259042412441,0.007943708150670827,31
37,4.698439502716065,0.22926773396804548,0.009406375885009765,0.005430623015546229,mle,0.1,4,200,1,"{'pca__n_components': 'mle', 'xgb__learning_rate': 0.1, 'xgb__max_depth': 4, 'xgb__n_estimators': 200, 'xgb__subsample': 1}",0.8389407564687026,0.8289124461375132,0.8380044609355459,0.8451258025514883,0.840398246961173,0.8382763426108847,0.005284231299509317,32
42,4.8934999942779545,0.0980342690610608,0.007910823822021485,0.0003734525973717024,mle,0.1,6,100,0.9,"{'pca__n_components': 'mle', 'xgb__learning_rate': 0.1, 'xgb__max_depth': 6, 'xgb__n_estimators': 100, 'xgb__subsample': 0.9}",0.8373691167592997,0.831863173671392,0.8342626949053616,0.8425774410072542,0.8426261106671054,0.8377397074020825,0.004336846903404553,33
15,24.17792682647705,0.5941649654820768,0.010004186630249023,8.313392952803614e-06,mle,0.001,6,500,1,"{'pca__n_components': 'mle', 'xgb__learning_rate': 0.001, 'xgb__max_depth': 6, 'xgb__n_estimators': 500, 'xgb__subsample': 1}",0.8304346468494349,0.8359275796748473,0.8280741891103144,0.8435389393813058,0.8488343545463568,0.837361941912452,0.007824048995311656,34
25,2.635997486114502,0.05375338610593931,0.007999944686889648,0.00399997236440598,mle,0.01,6,50,1,"{'pca__n_components': 'mle', 'xgb__learning_rate': 0.01, 'xgb__max_depth': 6, 'xgb__n_estimators': 50, 'xgb__subsample': 1}",0.8302603093320011,0.8352458419201065,0.8278188318185608,0.842934420078379,0.8488134601622449,0.8370145726622585,0.007843066631167026,35
43,4.441529369354248,0.03324620946452021,0.00972123146057129,0.0013295389983193821,mle,0.1,6,100,1,"{'pca__n_components': 'mle', 'xgb__learning_rate': 0.1, 'xgb__max_depth': 6, 'xgb__n_estimators': 100, 'xgb__subsample': 1}",0.8384333562313953,0.8293626012198423,0.8313026348703411,0.8427937129992495,0.8428585606903505,0.8369501732022357,0.0056695990998518325,36
3,2.742421531677246,0.0809259191269861,0.011702775955200195,0.0041898331821753655,mle,0.001,4,100,1,"{'pca__n_components': 'mle', 'xgb__learning_rate': 0.001, 'xgb__max_depth': 4, 'xgb__n_estimators': 100, 'xgb__subsample': 1}",0.8320687358188139,0.8323523595412061,0.8273862878345701,0.8398388643375303,0.8513442924378,0.8365981079939842,0.008382740365824651,37
36,4.599642992019653,0.05238068834614222,0.012210607528686523,0.0027054955084843822,mle,0.1,4,200,0.9,"{'pca__n_components': 'mle', 'xgb__learning_rate': 0.1, 'xgb__max_depth': 4, 'xgb__n_estimators': 200, 'xgb__subsample': 0.9}",0.8371531464018818,0.8250483981764816,0.8370533853080964,0.841827003251897,0.839233385046934,0.8360630636370582,0.005775219656084739,38
1,1.4592815399169923,0.07933539374820504,0.0072041511535644535,0.003423508628631741,mle,0.001,4,50,1,"{'pca__n_components': 'mle', 'xgb__learning_rate': 0.001, 'xgb__max_depth': 4, 'xgb__n_estimators': 50, 'xgb__subsample': 1}",0.830439850954433,0.8319412352463623,0.8286891311598432,0.8321885683315267,0.8465516430821306,0.8339620857548592,0.006417730793288903,39
45,8.429098272323609,0.15237244604410016,0.008713722229003906,0.0005119185687448144,mle,0.1,6,200,1,"{'pca__n_components': 'mle', 'xgb__learning_rate': 0.1, 'xgb__max_depth': 6, 'xgb__n_estimators': 200, 'xgb__subsample': 1}",0.8348165032577699,0.8241090572243386,0.8280533436171099,0.8373217710331026,0.8390192176097868,0.8326639785484214,0.005677360131485224,40
13,9.014557647705079,0.1190745829019645,0.010504674911499024,0.001009368964063335,mle,0.001,6,200,1,"{'pca__n_components': 'mle', 'xgb__learning_rate': 0.001, 'xgb__max_depth': 6, 'xgb__n_estimators': 200, 'xgb__subsample': 1}",0.8217828222902226,0.8329534336684777,0.8175420036688069,0.8395782956724757,0.8475101729532644,0.8318733456506495,0.011065705921853712,41
44,8.87032642364502,0.1515693288465723,0.009822368621826172,0.002231736591504302,mle,0.1,6,200,0.9,"{'pca__n_components': 'mle', 'xgb__learning_rate': 0.1, 'xgb__max_depth': 6, 'xgb__n_estimators': 200, 'xgb__subsample': 0.9}",0.8326125647911072,0.8222017527425635,0.8285770866338699,0.8369960602017845,0.836684270185281,0.8314143469109212,0.0055368813940345415,42
39,13.02877893447876,0.1305650271829835,0.00831146240234375,0.00039755522464467175,mle,0.1,4,500,1,"{'pca__n_components': 'mle', 'xgb__learning_rate': 0.1, 'xgb__max_depth': 4, 'xgb__n_estimators': 500, 'xgb__subsample': 1}",0.8341139490830367,0.81444763629551,0.8286265946802301,0.8363915408988577,0.8325262877470108,0.8292212017409291,0.007808817160463383,43
11,4.74950475692749,0.08838551535792337,0.0061032772064208984,0.004986605935387243,mle,0.001,6,100,1,"{'pca__n_components': 'mle', 'xgb__learning_rate': 0.001, 'xgb__max_depth': 6, 'xgb__n_estimators': 100, 'xgb__subsample': 1}",0.8175805075043194,0.8287433127250775,0.8133520595347286,0.8334002126240306,0.8456375137772345,0.8277427212330781,0.01152036218489918,44
38,13.243878936767578,0.2210835141575429,0.010310506820678711,0.0013576018881865475,mle,0.1,4,500,0.9,"{'pca__n_components': 'mle', 'xgb__learning_rate': 0.1, 'xgb__max_depth': 4, 'xgb__n_estimators': 500, 'xgb__subsample': 0.9}",0.8312360790191302,0.8137450821207768,0.8253773034269991,0.8320061702659884,0.8331113305021443,0.8270951930670079,0.007192150585850787,45
47,21.045512390136718,0.20826173770984935,0.009518623352050781,1.3231694150458916e-06,mle,0.1,6,500,1,"{'pca__n_components': 'mle', 'xgb__learning_rate': 0.1, 'xgb__max_depth': 6, 'xgb__n_estimators': 500, 'xgb__subsample': 1}",0.8252045213264223,0.8160218780574116,0.8241734761944469,0.8278422829984158,0.8303167066271762,0.8247117730407745,0.004842772187343033,46
9,2.5405704021453857,0.03707403110383096,0.007999658584594727,0.003999829324628438,mle,0.001,6,50,1,"{'pca__n_components': 'mle', 'xgb__learning_rate': 0.001, 'xgb__max_depth': 6, 'xgb__n_estimators': 50, 'xgb__subsample': 1}",0.8130945689960241,0.8259383001311434,0.8097744517635288,0.8306329734011507,0.8374364680133097,0.8233753524610314,0.010465521883617747,47
46,21.688202905654908,0.1124484594663876,0.010120773315429687,0.000809703818875351,mle,0.1,6,500,0.9,"{'pca__n_components': 'mle', 'xgb__learning_rate': 0.1, 'xgb__max_depth': 6, 'xgb__n_estimators': 500, 'xgb__subsample': 0.9}",0.8212285851079332,0.8140391140531651,0.8177061619277912,0.830802343033436,0.8284623300372441,0.8224477068319139,0.006334801918551219,48
59,3.8337722301483153,0.026986902090318718,0.00921945571899414,0.0011678112662006615,mle,1.0,6,100,1,"{'pca__n_components': 'mle', 'xgb__learning_rate': 1.0, 'xgb__max_depth': 6, 'xgb__n_estimators': 100, 'xgb__subsample': 1}",0.7952965299027874,0.7898166073398698,0.7982521053948136,0.801488368214792,0.8051650917524642,0.7980037405209455,0.0052506648301373455,49
57,2.1516305923461916,0.04704745864923359,0.007811355590820313,0.000814339190117976,mle,1.0,6,50,1,"{'pca__n_components': 'mle', 'xgb__learning_rate': 1.0, 'xgb__max_depth': 6, 'xgb__n_estimators': 50, 'xgb__subsample': 1}",0.7984346052165949,0.7869439413809612,0.7995341032268825,0.7994168473276078,0.7991161675520663,0.7966891329408226,0.004887539477334087,50
61,6.682086658477783,0.09653431932502243,0.03138079643249512,0.04069181650115823,mle,1.0,6,200,1,"{'pca__n_components': 'mle', 'xgb__learning_rate': 1.0, 'xgb__max_depth': 6, 'xgb__n_estimators': 200, 'xgb__subsample': 1}",0.7952496929578051,0.786871083910989,0.7977309680647044,0.7996435420662051,0.8037442736328544,0.7966479121265115,0.005622215618937488,51
63,7.778050136566162,1.0822572885127244,0.007709932327270508,0.001028156645410061,mle,1.0,6,500,1,"{'pca__n_components': 'mle', 'xgb__learning_rate': 1.0, 'xgb__max_depth': 6, 'xgb__n_estimators': 500, 'xgb__subsample': 1}",0.7946616290930286,0.788934511542705,0.7951982406403735,0.8000031268239807,0.8013153014798449,0.7960225619159865,0.004396136733219173,52
51,2.747231197357178,0.035847739393035524,0.008221912384033202,0.0004016616340573531,mle,1.0,4,100,1,"{'pca__n_components': 'mle', 'xgb__learning_rate': 1.0, 'xgb__max_depth': 4, 'xgb__n_estimators': 100, 'xgb__subsample': 1}",0.8086502633277128,0.7811361602031682,0.7921652213791377,0.7971056032685734,0.7999519429165426,0.795801838219027,0.009080884249711348,53
60,6.503318834304809,0.05168464761877077,0.009519720077514648,0.0007090895554801096,mle,1.0,6,200,0.9,"{'pca__n_components': 'mle', 'xgb__learning_rate': 1.0, 'xgb__max_depth': 6, 'xgb__n_estimators': 200, 'xgb__subsample': 0.9}",0.7946772414080228,0.7868945023834801,0.7817007837905445,0.8096493788043024,0.8023286791092724,0.7950501170991245,0.010109141355490639,54
58,3.8893043994903564,0.04843399954892634,0.00871448516845703,0.0007530342390074783,mle,1.0,6,100,0.9,"{'pca__n_components': 'mle', 'xgb__learning_rate': 1.0, 'xgb__max_depth': 6, 'xgb__n_estimators': 100, 'xgb__subsample': 0.9}",0.7989888423988842,0.7856247007639626,0.7795015842574835,0.8073355290586174,0.7995497260223883,0.7942000765002672,0.010135816553035379,55
53,5.211996698379517,0.12417123125217067,0.00951542854309082,0.0008378848245856989,mle,1.0,4,200,1,"{'pca__n_components': 'mle', 'xgb__learning_rate': 1.0, 'xgb__max_depth': 4, 'xgb__n_estimators': 200, 'xgb__subsample': 1}",0.8047315722642019,0.7828613210100126,0.7875427332610687,0.795953889769032,0.7982072618431981,0.7938593556295027,0.007776283686870974,56
55,11.30524582862854,0.056024012558881967,0.008514833450317384,0.0006349121302082051,mle,1.0,4,500,1,"{'pca__n_components': 'mle', 'xgb__learning_rate': 1.0, 'xgb__max_depth': 4, 'xgb__n_estimators': 500, 'xgb__subsample': 1}",0.8001415516559462,0.7845578592393678,0.7838426582172935,0.7984761944467607,0.8006623519763476,0.7935361231071433,0.0076601777094305636,57
49,1.3429837226867676,0.008160742175926699,0.008917284011840821,0.00048778496141330325,mle,1.0,4,50,1,"{'pca__n_components': 'mle', 'xgb__learning_rate': 1.0, 'xgb__max_depth': 4, 'xgb__n_estimators': 50, 'xgb__subsample': 1}",0.8082937821353483,0.7814640188180436,0.7874202659884932,0.7958991703493704,0.791233761145848,0.7928621996874208,0.009050324958220739,58
50,2.6686867237091065,0.0324775953169416,0.008814001083374023,0.0008746467589037636,mle,1.0,4,100,0.9,"{'pca__n_components': 'mle', 'xgb__learning_rate': 1.0, 'xgb__max_depth': 4, 'xgb__n_estimators': 100, 'xgb__subsample': 0.9}",0.7909328878619455,0.7897385457648993,0.795787125823397,0.7871649086967397,0.795919326782944,0.7919085589859851,0.0034436216000606925,59
52,5.1138753414154055,0.08536820679282627,0.008411931991577148,0.0009210722295843398,mle,1.0,4,200,0.9,"{'pca__n_components': 'mle', 'xgb__learning_rate': 1.0, 'xgb__max_depth': 4, 'xgb__n_estimators': 200, 'xgb__subsample': 0.9}",0.7885728262453424,0.7895954328774539,0.7926863587092471,0.7940126532143751,0.7944149311268863,0.791856440434661,0.002357039237439196,60
48,1.3605870246887206,0.013019904374166074,0.00821547508239746,0.0006019806978920095,mle,1.0,4,50,0.9,"{'pca__n_components': 'mle', 'xgb__learning_rate': 1.0, 'xgb__max_depth': 4, 'xgb__n_estimators': 50, 'xgb__subsample': 0.9}",0.7936936655633964,0.7846645433918276,0.7992396606353708,0.7809737972150421,0.7984867242306949,0.7914116782072663,0.0073622583389531095,61
62,10.275911045074462,0.20093801028248603,0.00941781997680664,0.0033283861326512862,mle,1.0,6,500,0.9,"{'pca__n_components': 'mle', 'xgb__learning_rate': 1.0, 'xgb__max_depth': 6, 'xgb__n_estimators': 500, 'xgb__subsample': 0.9}",0.7929598867586752,0.7803165136659798,0.7798976486283665,0.8080025848411573,0.7958070194683424,0.7913967306725043,0.010513311501639104,62
56,2.37822904586792,0.07993132394030605,0.00881509780883789,0.0014015180557128291,mle,1.0,6,50,0.9,"{'pca__n_components': 'mle', 'xgb__learning_rate': 1.0, 'xgb__max_depth': 6, 'xgb__n_estimators': 50, 'xgb__subsample': 0.9}",0.7980625117092361,0.7825412685526343,0.7709862002834987,0.8070358750938047,0.7930045601993325,0.7903260831677013,0.012497024610414702,63
54,11.607788038253783,0.047683833211849665,0.009919881820678711,0.0019871024015843393,mle,1.0,4,500,0.9,"{'pca__n_components': 'mle', 'xgb__learning_rate': 1.0, 'xgb__max_depth': 4, 'xgb__n_estimators': 500, 'xgb__subsample': 0.9}",0.7873680759383,0.7849273506942277,0.7842543567080797,0.7990338113899774,0.7926075669012062,0.7896382323263583,0.005539422103602257,64
149,0.0020102977752685545,0.0013082925365243176,0.0,0.0,100,0.01,4,200,1,"{'pca__n_components': 100, 'xgb__learning_rate': 0.01, 'xgb__max_depth': 4, 'xgb__n_estimators': 200, 'xgb__subsample': 1}",,,,,,,,65
146,0.001502084732055664,0.00044606969024490567,0.0,0.0,100,0.01,4,100,0.9,"{'pca__n_components': 100, 'xgb__learning_rate': 0.01, 'xgb__max_depth': 4, 'xgb__n_estimators': 100, 'xgb__subsample': 0.9}",,,,,,,,65
147,0.0016028404235839844,0.0005861499776447687,0.0,0.0,100,0.01,4,100,1,"{'pca__n_components': 100, 'xgb__learning_rate': 0.01, 'xgb__max_depth': 4, 'xgb__n_estimators': 100, 'xgb__subsample': 1}",,,,,,,,65
148,0.0018090248107910157,0.000811862329415359,0.0,0.0,100,0.01,4,200,0.9,"{'pca__n_components': 100, 'xgb__learning_rate': 0.01, 'xgb__max_depth': 4, 'xgb__n_estimators': 200, 'xgb__subsample': 0.9}",,,,,,,,65
150,0.002001380920410156,0.0006320401903198966,0.0,0.0,100,0.01,4,500,0.9,"{'pca__n_components': 100, 'xgb__learning_rate': 0.01, 'xgb__max_depth': 4, 'xgb__n_estimators': 500, 'xgb__subsample': 0.9}",,,,,,,,65
155,0.0015022754669189453,0.000633356431183828,0.0,0.0,100,0.01,6,100,1,"{'pca__n_components': 100, 'xgb__learning_rate': 0.01, 'xgb__max_depth': 6, 'xgb__n_estimators': 100, 'xgb__subsample': 1}",,,,,,,,65
152,0.001506805419921875,0.0004476577106923947,0.0,0.0,100,0.01,6,50,0.9,"{'pca__n_components': 100, 'xgb__learning_rate': 0.01, 'xgb__max_depth': 6, 'xgb__n_estimators': 50, 'xgb__subsample': 0.9}",,,,,,,,65
153,0.0020046234130859375,0.00031546326161625637,0.0,0.0,100,0.01,6,50,1,"{'pca__n_components': 100, 'xgb__learning_rate': 0.01, 'xgb__max_depth': 6, 'xgb__n_estimators': 50, 'xgb__subsample': 1}",,,,,,,,65
154,0.0013802051544189453,0.0005064382826781414,0.0,0.0,100,0.01,6,100,0.9,"{'pca__n_components': 100, 'xgb__learning_rate': 0.01, 'xgb__max_depth': 6, 'xgb__n_estimators': 100, 'xgb__subsample': 0.9}",,,,,,,,65
145,0.0017034530639648438,0.0004011897817653972,0.0,0.0,100,0.01,4,50,1,"{'pca__n_components': 100, 'xgb__learning_rate': 0.01, 'xgb__max_depth': 4, 'xgb__n_estimators': 50, 'xgb__subsample': 1}",,,,,,,,65
156,0.0011018276214599609,0.00020094772152331173,0.0,0.0,100,0.01,6,200,0.9,"{'pca__n_components': 100, 'xgb__learning_rate': 0.01, 'xgb__max_depth': 6, 'xgb__n_estimators': 200, 'xgb__subsample': 0.9}",,,,,,,,65
151,0.008416461944580077,0.011330501222046993,0.0,0.0,100,0.01,4,500,1,"{'pca__n_components': 100, 'xgb__learning_rate': 0.01, 'xgb__max_depth': 4, 'xgb__n_estimators': 500, 'xgb__subsample': 1}",,,,,,,,65
144,0.0014044761657714844,0.0005879708326215557,0.0,0.0,100,0.01,4,50,0.9,"{'pca__n_components': 100, 'xgb__learning_rate': 0.01, 'xgb__max_depth': 4, 'xgb__n_estimators': 50, 'xgb__subsample': 0.9}",,,,,,,,65
138,0.0011039257049560546,0.0004898774981827377,0.0,0.0,100,0.001,6,100,0.9,"{'pca__n_components': 100, 'xgb__learning_rate': 0.001, 'xgb__max_depth': 6, 'xgb__n_estimators': 100, 'xgb__subsample': 0.9}",,,,,,,,65
142,0.0019040584564208984,0.0009233641662341611,0.0,0.0,100,0.001,6,500,0.9,"{'pca__n_components': 100, 'xgb__learning_rate': 0.001, 'xgb__max_depth': 6, 'xgb__n_estimators': 500, 'xgb__subsample': 0.9}",,,,,,,,65
141,0.0013031959533691406,0.0003990028770318659,0.0,0.0,100,0.001,6,200,1,"{'pca__n_components': 100, 'xgb__learning_rate': 0.001, 'xgb__max_depth': 6, 'xgb__n_estimators': 200, 'xgb__subsample': 1}",,,,,,,,65
140,0.0014010906219482423,0.0004914222447068271,0.0,0.0,100,0.001,6,200,0.9,"{'pca__n_components': 100, 'xgb__learning_rate': 0.001, 'xgb__max_depth': 6, 'xgb__n_estimators': 200, 'xgb__subsample': 0.9}",,,,,,,,65
139,0.001804494857788086,0.000510074083319796,0.0,0.0,100,0.001,6,100,1,"{'pca__n_components': 100, 'xgb__learning_rate': 0.001, 'xgb__max_depth': 6, 'xgb__n_estimators': 100, 'xgb__subsample': 1}",,,,,,,,65
157,0.0018030643463134766,0.0004013589545058733,0.0,0.0,100,0.01,6,200,1,"{'pca__n_components': 100, 'xgb__learning_rate': 0.01, 'xgb__max_depth': 6, 'xgb__n_estimators': 200, 'xgb__subsample': 1}",,,,,,,,65
137,0.0008000850677490235,0.0004000438517889754,0.0,0.0,100,0.001,6,50,1,"{'pca__n_components': 100, 'xgb__learning_rate': 0.001, 'xgb__max_depth': 6, 'xgb__n_estimators': 50, 'xgb__subsample': 1}",,,,,,,,65
136,0.0010023117065429688,0.0006341468643366619,0.0,0.0,100,0.001,6,50,0.9,"{'pca__n_components': 100, 'xgb__learning_rate': 0.001, 'xgb__max_depth': 6, 'xgb__n_estimators': 50, 'xgb__subsample': 0.9}",,,,,,,,65
135,0.0012022495269775391,0.00039868840984659976,0.0,0.0,100,0.001,4,500,1,"{'pca__n_components': 100, 'xgb__learning_rate': 0.001, 'xgb__max_depth': 4, 'xgb__n_estimators': 500, 'xgb__subsample': 1}",,,,,,,,65
134,0.0015017032623291016,0.0004484643865166391,0.0,0.0,100,0.001,4,500,0.9,"{'pca__n_components': 100, 'xgb__learning_rate': 0.001, 'xgb__max_depth': 4, 'xgb__n_estimators': 500, 'xgb__subsample': 0.9}",,,,,,,,65
133,0.001602935791015625,0.00037348601522113395,0.0,0.0,100,0.001,4,200,1,"{'pca__n_components': 100, 'xgb__learning_rate': 0.001, 'xgb__max_depth': 4, 'xgb__n_estimators': 200, 'xgb__subsample': 1}",,,,,,,,65
132,0.0013031959533691406,0.00040132664516653594,0.0,0.0,100,0.001,4,200,0.9,"{'pca__n_components': 100, 'xgb__learning_rate': 0.001, 'xgb__max_depth': 4, 'xgb__n_estimators': 200, 'xgb__subsample': 0.9}",,,,,,,,65
131,0.001502084732055664,0.0004463308742512476,0.0,0.0,100,0.001,4,100,1,"{'pca__n_components': 100, 'xgb__learning_rate': 0.001, 'xgb__max_depth': 4, 'xgb__n_estimators': 100, 'xgb__subsample': 1}",,,,,,,,65
130,0.0020034313201904297,0.001095939790182533,0.0,0.0,100,0.001,4,100,0.9,"{'pca__n_components': 100, 'xgb__learning_rate': 0.001, 'xgb__max_depth': 4, 'xgb__n_estimators': 100, 'xgb__subsample': 0.9}",,,,,,,,65
129,0.0014019012451171875,0.0004899849728484502,0.0,0.0,100,0.001,4,50,1,"{'pca__n_components': 100, 'xgb__learning_rate': 0.001, 'xgb__max_depth': 4, 'xgb__n_estimators': 50, 'xgb__subsample': 1}",,,,,,,,65
143,0.0018030166625976562,0.0005126064788047099,0.0,0.0,100,0.001,6,500,1,"{'pca__n_components': 100, 'xgb__learning_rate': 0.001, 'xgb__max_depth': 6, 'xgb__n_estimators': 500, 'xgb__subsample': 1}",,,,,,,,65
158,0.0015039920806884765,0.0010044367600430095,0.0,0.0,100,0.01,6,500,0.9,"{'pca__n_components': 100, 'xgb__learning_rate': 0.01, 'xgb__max_depth': 6, 'xgb__n_estimators': 500, 'xgb__subsample': 0.9}",,,,,,,,65
164,0.001702117919921875,0.0003977789863957683,0.0,0.0,100,0.1,4,200,0.9,"{'pca__n_components': 100, 'xgb__learning_rate': 0.1, 'xgb__max_depth': 4, 'xgb__n_estimators': 200, 'xgb__subsample': 0.9}",,,,,,,,65
160,0.0012024402618408202,0.0004013338573487209,0.0,0.0,100,0.1,4,50,0.9,"{'pca__n_components': 100, 'xgb__learning_rate': 0.1, 'xgb__max_depth': 4, 'xgb__n_estimators': 50, 'xgb__subsample': 0.9}",,,,,,,,65
128,0.0019037723541259766,0.0004934008986853994,0.0,0.0,100,0.001,4,50,0.9,"{'pca__n_components': 100, 'xgb__learning_rate': 0.001, 'xgb__max_depth': 4, 'xgb__n_estimators': 50, 'xgb__subsample': 0.9}",,,,,,,,65
189,0.001501178741455078,0.00044707949351728576,0.0,0.0,100,1.0,6,200,1,"{'pca__n_components': 100, 'xgb__learning_rate': 1.0, 'xgb__max_depth': 6, 'xgb__n_estimators': 200, 'xgb__subsample': 1}",,,,,,,,65
188,0.0034062862396240234,0.0035760609624073004,0.0,0.0,100,1.0,6,200,0.9,"{'pca__n_components': 100, 'xgb__learning_rate': 1.0, 'xgb__max_depth': 6, 'xgb__n_estimators': 200, 'xgb__subsample': 0.9}",,,,,,,,65
187,0.001703500747680664,0.00040182657365347535,0.0,0.0,100,1.0,6,100,1,"{'pca__n_components': 100, 'xgb__learning_rate': 1.0, 'xgb__max_depth': 6, 'xgb__n_estimators': 100, 'xgb__subsample': 1}",,,,,,,,65
186,0.0018059730529785157,0.0013709126132345527,0.0,0.0,100,1.0,6,100,0.9,"{'pca__n_components': 100, 'xgb__learning_rate': 1.0, 'xgb__max_depth': 6, 'xgb__n_estimators': 100, 'xgb__subsample': 0.9}",,,,,,,,65
185,0.0023043155670166016,0.0008690924619405522,0.0,0.0,100,1.0,6,50,1,"{'pca__n_components': 100, 'xgb__learning_rate': 1.0, 'xgb__max_depth': 6, 'xgb__n_estimators': 50, 'xgb__subsample': 1}",,,,,,,,65
184,0.0015015602111816406,0.0004486247843471345,0.0,0.0,100,1.0,6,50,0.9,"{'pca__n_components': 100, 'xgb__learning_rate': 1.0, 'xgb__max_depth': 6, 'xgb__n_estimators': 50, 'xgb__subsample': 0.9}",,,,,,,,65
183,0.0014025211334228516,0.00037338019902460087,0.0,0.0,100,1.0,4,500,1,"{'pca__n_components': 100, 'xgb__learning_rate': 1.0, 'xgb__max_depth': 4, 'xgb__n_estimators': 500, 'xgb__subsample': 1}",,,,,,,,65
182,0.0014024734497070312,0.0004907889298786384,0.0,0.0,100,1.0,4,500,0.9,"{'pca__n_components': 100, 'xgb__learning_rate': 1.0, 'xgb__max_depth': 4, 'xgb__n_estimators': 500, 'xgb__subsample': 0.9}",,,,,,,,65
181,0.0010014057159423828,2.7284087182846006e-06,0.0,0.0,100,1.0,4,200,1,"{'pca__n_components': 100, 'xgb__learning_rate': 1.0, 'xgb__max_depth': 4, 'xgb__n_estimators': 200, 'xgb__subsample': 1}",,,,,,,,65
180,0.0017018318176269531,0.0006026106630166741,0.0,0.0,100,1.0,4,200,0.9,"{'pca__n_components': 100, 'xgb__learning_rate': 1.0, 'xgb__max_depth': 4, 'xgb__n_estimators': 200, 'xgb__subsample': 0.9}",,,,,,,,65
179,0.0014044761657714844,0.00037867606137974763,0.0,0.0,100,1.0,4,100,1,"{'pca__n_components': 100, 'xgb__learning_rate': 1.0, 'xgb__max_depth': 4, 'xgb__n_estimators': 100, 'xgb__subsample': 1}",,,,,,,,65
178,0.0017017364501953126,0.00040059624616031774,0.0,0.0,100,1.0,4,100,0.9,"{'pca__n_components': 100, 'xgb__learning_rate': 1.0, 'xgb__max_depth': 4, 'xgb__n_estimators': 100, 'xgb__subsample': 0.9}",,,,,,,,65
177,0.0016034603118896484,0.0004929940397118969,0.0,0.0,100,1.0,4,50,1,"{'pca__n_components': 100, 'xgb__learning_rate': 1.0, 'xgb__max_depth': 4, 'xgb__n_estimators': 50, 'xgb__subsample': 1}",,,,,,,,65
176,0.0021031856536865234,0.0011132873037436655,0.0,0.0,100,1.0,4,50,0.9,"{'pca__n_components': 100, 'xgb__learning_rate': 1.0, 'xgb__max_depth': 4, 'xgb__n_estimators': 50, 'xgb__subsample': 0.9}",,,,,,,,65
175,0.0012022972106933594,0.0003987858857308904,0.0,0.0,100,0.1,6,500,1,"{'pca__n_components': 100, 'xgb__learning_rate': 0.1, 'xgb__max_depth': 6, 'xgb__n_estimators': 500, 'xgb__subsample': 1}",,,,,,,,65
174,0.0016042232513427735,0.0007388442220463868,0.0,0.0,100,0.1,6,500,0.9,"{'pca__n_components': 100, 'xgb__learning_rate': 0.1, 'xgb__max_depth': 6, 'xgb__n_estimators': 500, 'xgb__subsample': 0.9}",,,,,,,,65
173,0.002004051208496094,0.0008423066708764407,0.0,0.0,100,0.1,6,200,1,"{'pca__n_components': 100, 'xgb__learning_rate': 0.1, 'xgb__max_depth': 6, 'xgb__n_estimators': 200, 'xgb__subsample': 1}",,,,,,,,65
172,0.0015041828155517578,0.00044752093271502904,0.0,0.0,100,0.1,6,200,0.9,"{'pca__n_components': 100, 'xgb__learning_rate': 0.1, 'xgb__max_depth': 6, 'xgb__n_estimators': 200, 'xgb__subsample': 0.9}",,,,,,,,65
171,0.0016009807586669922,0.0004911569019101868,0.0,0.0,100,0.1,6,100,1,"{'pca__n_components': 100, 'xgb__learning_rate': 0.1, 'xgb__max_depth': 6, 'xgb__n_estimators': 100, 'xgb__subsample': 1}",,,,,,,,65
170,0.0018043041229248047,0.00024224207141258523,0.0,0.0,100,0.1,6,100,0.9,"{'pca__n_components': 100, 'xgb__learning_rate': 0.1, 'xgb__max_depth': 6, 'xgb__n_estimators': 100, 'xgb__subsample': 0.9}",,,,,,,,65
169,0.015723752975463866,0.028447165303199764,0.0,0.0,100,0.1,6,50,1,"{'pca__n_components': 100, 'xgb__learning_rate': 0.1, 'xgb__max_depth': 6, 'xgb__n_estimators': 50, 'xgb__subsample': 1}",,,,,,,,65
168,0.0019018173217773438,0.0008017443243082724,0.0,0.0,100,0.1,6,50,0.9,"{'pca__n_components': 100, 'xgb__learning_rate': 0.1, 'xgb__max_depth': 6, 'xgb__n_estimators': 50, 'xgb__subsample': 0.9}",,,,,,,,65
167,0.0013031482696533204,0.00040059062132243007,0.0,0.0,100,0.1,4,500,1,"{'pca__n_components': 100, 'xgb__learning_rate': 0.1, 'xgb__max_depth': 4, 'xgb__n_estimators': 500, 'xgb__subsample': 1}",,,,,,,,65
166,0.0015033721923828126,0.0004461882420419389,0.0,0.0,100,0.1,4,500,0.9,"{'pca__n_components': 100, 'xgb__learning_rate': 0.1, 'xgb__max_depth': 4, 'xgb__n_estimators': 500, 'xgb__subsample': 0.9}",,,,,,,,65
165,0.0012013912200927734,0.0007483940589325062,0.0,0.0,100,0.1,4,200,1,"{'pca__n_components': 100, 'xgb__learning_rate': 0.1, 'xgb__max_depth': 4, 'xgb__n_estimators': 200, 'xgb__subsample': 1}",,,,,,,,65
163,0.0019032955169677734,0.0001992472495914457,0.0,0.0,100,0.1,4,100,1,"{'pca__n_components': 100, 'xgb__learning_rate': 0.1, 'xgb__max_depth': 4, 'xgb__n_estimators': 100, 'xgb__subsample': 1}",,,,,,,,65
162,0.002002239227294922,4.588551225173725e-06,0.0,0.0,100,0.1,4,100,0.9,"{'pca__n_components': 100, 'xgb__learning_rate': 0.1, 'xgb__max_depth': 4, 'xgb__n_estimators': 100, 'xgb__subsample': 0.9}",,,,,,,,65
161,0.0025867938995361326,0.0010847330006918602,0.0,0.0,100,0.1,4,50,1,"{'pca__n_components': 100, 'xgb__learning_rate': 0.1, 'xgb__max_depth': 4, 'xgb__n_estimators': 50, 'xgb__subsample': 1}",,,,,,,,65
159,0.001482248306274414,0.0004254628810720239,0.0,0.0,100,0.01,6,500,1,"{'pca__n_components': 100, 'xgb__learning_rate': 0.01, 'xgb__max_depth': 6, 'xgb__n_estimators': 500, 'xgb__subsample': 1}",,,,,,,,65
127,0.0015047550201416015,0.000634913888566799,0.0,0.0,50,1.0,6,500,1,"{'pca__n_components': 50, 'xgb__learning_rate': 1.0, 'xgb__max_depth': 6, 'xgb__n_estimators': 500, 'xgb__subsample': 1}",,,,,,,,65
95,0.0020035266876220702,0.0013043336511801723,0.0,0.0,50,0.01,6,500,1,"{'pca__n_components': 50, 'xgb__learning_rate': 0.01, 'xgb__max_depth': 6, 'xgb__n_estimators': 500, 'xgb__subsample': 1}",,,,,,,,65
125,0.0012016773223876953,0.0007488284861544674,0.0,0.0,50,1.0,6,200,1,"{'pca__n_components': 50, 'xgb__learning_rate': 1.0, 'xgb__max_depth': 6, 'xgb__n_estimators': 200, 'xgb__subsample': 1}",,,,,,,,65
91,0.0014028072357177735,0.0004866117335366917,0.0,0.0,50,0.01,6,100,1,"{'pca__n_components': 50, 'xgb__learning_rate': 0.01, 'xgb__max_depth': 6, 'xgb__n_estimators': 100, 'xgb__subsample': 1}",,,,,,,,65
90,0.0011028289794921876,0.00020188857314124237,0.0,0.0,50,0.01,6,100,0.9,"{'pca__n_components': 50, 'xgb__learning_rate': 0.01, 'xgb__max_depth': 6, 'xgb__n_estimators': 100, 'xgb__subsample': 0.9}",,,,,,,,65
89,0.0017030715942382812,0.0003984690047762634,0.0,0.0,50,0.01,6,50,1,"{'pca__n_components': 50, 'xgb__learning_rate': 0.01, 'xgb__max_depth': 6, 'xgb__n_estimators': 50, 'xgb__subsample': 1}",,,,,,,,65
88,0.001702594757080078,0.0006033550294370575,0.0,0.0,50,0.01,6,50,0.9,"{'pca__n_components': 50, 'xgb__learning_rate': 0.01, 'xgb__max_depth': 6, 'xgb__n_estimators': 50, 'xgb__subsample': 0.9}",,,,,,,,65
87,0.0010010242462158204,1.9810274198380457e-06,0.0,0.0,50,0.01,4,500,1,"{'pca__n_components': 50, 'xgb__learning_rate': 0.01, 'xgb__max_depth': 4, 'xgb__n_estimators': 500, 'xgb__subsample': 1}",,,,,,,,65
86,0.001703643798828125,0.0011707963424719067,0.0,0.0,50,0.01,4,500,0.9,"{'pca__n_components': 50, 'xgb__learning_rate': 0.01, 'xgb__max_depth': 4, 'xgb__n_estimators': 500, 'xgb__subsample': 0.9}",,,,,,,,65
85,0.0015022754669189453,0.0004482540163012231,0.0,0.0,50,0.01,4,200,1,"{'pca__n_components': 50, 'xgb__learning_rate': 0.01, 'xgb__max_depth': 4, 'xgb__n_estimators': 200, 'xgb__subsample': 1}",,,,,,,,65
84,0.0017023086547851562,0.0007472165617256226,0.0,0.0,50,0.01,4,200,0.9,"{'pca__n_components': 50, 'xgb__learning_rate': 0.01, 'xgb__max_depth': 4, 'xgb__n_estimators': 200, 'xgb__subsample': 0.9}",,,,,,,,65
83,0.0017025470733642578,0.00039797313142417225,0.0,0.0,50,0.01,4,100,1,"{'pca__n_components': 50, 'xgb__learning_rate': 0.01, 'xgb__max_depth': 4, 'xgb__n_estimators': 100, 'xgb__subsample': 1}",,,,,,,,65
82,0.0019022464752197266,0.0006650083327018434,0.0,0.0,50,0.01,4,100,0.9,"{'pca__n_components': 50, 'xgb__learning_rate': 0.01, 'xgb__max_depth': 4, 'xgb__n_estimators': 100, 'xgb__subsample': 0.9}",,,,,,,,65
81,0.0014044761657714844,0.0003732894772937786,0.0,0.0,50,0.01,4,50,1,"{'pca__n_components': 50, 'xgb__learning_rate': 0.01, 'xgb__max_depth': 4, 'xgb__n_estimators': 50, 'xgb__subsample': 1}",,,,,,,,65
80,0.0015019893646240235,0.00044830730914667766,0.0,0.0,50,0.01,4,50,0.9,"{'pca__n_components': 50, 'xgb__learning_rate': 0.01, 'xgb__max_depth': 4, 'xgb__n_estimators': 50, 'xgb__subsample': 0.9}",,,,,,,,65
79,0.0014035701751708984,0.0003734100186141548,0.0,0.0,50,0.001,6,500,1,"{'pca__n_components': 50, 'xgb__learning_rate': 0.001, 'xgb__max_depth': 6, 'xgb__n_estimators': 500, 'xgb__subsample': 1}",,,,,,,,65
92,0.0012009620666503906,0.0003988584326030617,0.0,0.0,50,0.01,6,200,0.9,"{'pca__n_components': 50, 'xgb__learning_rate': 0.01, 'xgb__max_depth': 6, 'xgb__n_estimators': 200, 'xgb__subsample': 0.9}",,,,,,,,65
78,0.002302265167236328,0.0004001477707731768,0.0,0.0,50,0.001,6,500,0.9,"{'pca__n_components': 50, 'xgb__learning_rate': 0.001, 'xgb__max_depth': 6, 'xgb__n_estimators': 500, 'xgb__subsample': 0.9}",,,,,,,,65
76,0.001102590560913086,0.00020165107974123877,0.0,0.0,50,0.001,6,200,0.9,"{'pca__n_components': 50, 'xgb__learning_rate': 0.001, 'xgb__max_depth': 6, 'xgb__n_estimators': 200, 'xgb__subsample': 0.9}",,,,,,,,65
75,0.001202392578125,0.0007505463129843786,0.0,0.0,50,0.001,6,100,1,"{'pca__n_components': 50, 'xgb__learning_rate': 0.001, 'xgb__max_depth': 6, 'xgb__n_estimators': 100, 'xgb__subsample': 1}",,,,,,,,65
74,0.0012026786804199218,0.00039931565027573237,0.0,0.0,50,0.001,6,100,0.9,"{'pca__n_components': 50, 'xgb__learning_rate': 0.001, 'xgb__max_depth': 6, 'xgb__n_estimators': 100, 'xgb__subsample': 0.9}",,,,,,,,65
73,0.0014036178588867187,0.0004925913267163037,0.0,0.0,50,0.001,6,50,1,"{'pca__n_components': 50, 'xgb__learning_rate': 0.001, 'xgb__max_depth': 6, 'xgb__n_estimators': 50, 'xgb__subsample': 1}",,,,,,,,65
72,0.0015005111694335938,0.0004469747146868491,0.0,0.0,50,0.001,6,50,0.9,"{'pca__n_components': 50, 'xgb__learning_rate': 0.001, 'xgb__max_depth': 6, 'xgb__n_estimators': 50, 'xgb__subsample': 0.9}",,,,,,,,65
71,0.00150146484375,0.0004472393356508614,0.0,0.0,50,0.001,4,500,1,"{'pca__n_components': 50, 'xgb__learning_rate': 0.001, 'xgb__max_depth': 4, 'xgb__n_estimators': 500, 'xgb__subsample': 1}",,,,,,,,65
70,0.0013062000274658204,0.0004073537987359187,0.0,0.0,50,0.001,4,500,0.9,"{'pca__n_components': 50, 'xgb__learning_rate': 0.001, 'xgb__max_depth': 4, 'xgb__n_estimators': 500, 'xgb__subsample': 0.9}",,,,,,,,65
69,0.0012022495269775391,0.0003991717348454948,0.0,0.0,50,0.001,4,200,1,"{'pca__n_components': 50, 'xgb__learning_rate': 0.001, 'xgb__max_depth': 4, 'xgb__n_estimators': 200, 'xgb__subsample': 1}",,,,,,,,65
68,0.0015022754669189453,0.0006367912005574351,0.0,0.0,50,0.001,4,200,0.9,"{'pca__n_components': 50, 'xgb__learning_rate': 0.001, 'xgb__max_depth': 4, 'xgb__n_estimators': 200, 'xgb__subsample': 0.9}",,,,,,,,65
67,0.001201772689819336,0.0002476955667141965,0.0,0.0,50,0.001,4,100,1,"{'pca__n_components': 50, 'xgb__learning_rate': 0.001, 'xgb__max_depth': 4, 'xgb__n_estimators': 100, 'xgb__subsample': 1}",,,,,,,,65
66,0.0017046928405761719,0.00040163241180882084,0.0,0.0,50,0.001,4,100,0.9,"{'pca__n_components': 50, 'xgb__learning_rate': 0.001, 'xgb__max_depth': 4, 'xgb__n_estimators': 100, 'xgb__subsample': 0.9}",,,,,,,,65
65,0.0011027336120605468,0.000201572180213787,0.0,0.0,50,0.001,4,50,1,"{'pca__n_components': 50, 'xgb__learning_rate': 0.001, 'xgb__max_depth': 4, 'xgb__n_estimators': 50, 'xgb__subsample': 1}",,,,,,,,65
64,0.0015999317169189454,0.0004900960426673038,0.0,0.0,50,0.001,4,50,0.9,"{'pca__n_components': 50, 'xgb__learning_rate': 0.001, 'xgb__max_depth': 4, 'xgb__n_estimators': 50, 'xgb__subsample': 0.9}",,,,,,,,65
77,0.0013998031616210937,0.0004895510730258258,0.0,0.0,50,0.001,6,200,1,"{'pca__n_components': 50, 'xgb__learning_rate': 0.001, 'xgb__max_depth': 6, 'xgb__n_estimators': 200, 'xgb__subsample': 1}",,,,,,,,65
93,0.0014017581939697265,0.0003745836050771945,0.0,0.0,50,0.01,6,200,1,"{'pca__n_components': 50, 'xgb__learning_rate': 0.01, 'xgb__max_depth': 6, 'xgb__n_estimators': 200, 'xgb__subsample': 1}",,,,,,,,65
94,0.0013236522674560547,0.0004154907765737848,0.0,0.0,50,0.01,6,500,0.9,"{'pca__n_components': 50, 'xgb__learning_rate': 0.01, 'xgb__max_depth': 6, 'xgb__n_estimators': 500, 'xgb__subsample': 0.9}",,,,,,,,65
190,0.0012036800384521485,0.0006821408228775799,0.0,0.0,100,1.0,6,500,0.9,"{'pca__n_components': 100, 'xgb__learning_rate': 1.0, 'xgb__max_depth': 6, 'xgb__n_estimators': 500, 'xgb__subsample': 0.9}",,,,,,,,65
124,0.0015149593353271484,0.0003173642499818603,0.0,0.0,50,1.0,6,200,0.9,"{'pca__n_components': 50, 'xgb__learning_rate': 1.0, 'xgb__max_depth': 6, 'xgb__n_estimators': 200, 'xgb__subsample': 0.9}",,,,,,,,65
123,0.0018003463745117187,0.0011681505023749495,0.0,0.0,50,1.0,6,100,1,"{'pca__n_components': 50, 'xgb__learning_rate': 1.0, 'xgb__max_depth': 6, 'xgb__n_estimators': 100, 'xgb__subsample': 1}",,,,,,,,65
122,0.0017920494079589843,0.0011489545399981846,0.0,0.0,50,1.0,6,100,0.9,"{'pca__n_components': 50, 'xgb__learning_rate': 1.0, 'xgb__max_depth': 6, 'xgb__n_estimators': 100, 'xgb__subsample': 0.9}",,,,,,,,65
121,0.0014021873474121093,0.0004928726528004938,0.0,0.0,50,1.0,6,50,1,"{'pca__n_components': 50, 'xgb__learning_rate': 1.0, 'xgb__max_depth': 6, 'xgb__n_estimators': 50, 'xgb__subsample': 1}",,,,,,,,65
120,0.0019020557403564454,0.000662004300987115,0.0,0.0,50,1.0,6,50,0.9,"{'pca__n_components': 50, 'xgb__learning_rate': 1.0, 'xgb__max_depth': 6, 'xgb__n_estimators': 50, 'xgb__subsample': 0.9}",,,,,,,,65
119,0.0011022567749023437,0.000201684892428413,0.0,0.0,50,1.0,4,500,1,"{'pca__n_components': 50, 'xgb__learning_rate': 1.0, 'xgb__max_depth': 4, 'xgb__n_estimators': 500, 'xgb__subsample': 1}",,,,,,,,65
118,0.001904773712158203,0.0009225279093895877,0.0,0.0,50,1.0,4,500,0.9,"{'pca__n_components': 50, 'xgb__learning_rate': 1.0, 'xgb__max_depth': 4, 'xgb__n_estimators': 500, 'xgb__subsample': 0.9}",,,,,,,,65
117,0.001603078842163086,0.0003745706089001714,0.0,0.0,50,1.0,4,200,1,"{'pca__n_components': 50, 'xgb__learning_rate': 1.0, 'xgb__max_depth': 4, 'xgb__n_estimators': 200, 'xgb__subsample': 1}",,,,,,,,65
116,0.0015023708343505859,0.0004459594787930827,0.0,0.0,50,1.0,4,200,0.9,"{'pca__n_components': 50, 'xgb__learning_rate': 1.0, 'xgb__max_depth': 4, 'xgb__n_estimators': 200, 'xgb__subsample': 0.9}",,,,,,,,65
115,0.0016033649444580078,0.0004927168992589531,0.0,0.0,50,1.0,4,100,1,"{'pca__n_components': 50, 'xgb__learning_rate': 1.0, 'xgb__max_depth': 4, 'xgb__n_estimators': 100, 'xgb__subsample': 1}",,,,,,,,65
114,0.001102113723754883,0.00020106016182249668,0.0,0.0,50,1.0,4,100,0.9,"{'pca__n_components': 50, 'xgb__learning_rate': 1.0, 'xgb__max_depth': 4, 'xgb__n_estimators': 100, 'xgb__subsample': 0.9}",,,,,,,,65
113,0.001326608657836914,0.0004166591355701708,0.0,0.0,50,1.0,4,50,1,"{'pca__n_components': 50, 'xgb__learning_rate': 1.0, 'xgb__max_depth': 4, 'xgb__n_estimators': 50, 'xgb__subsample': 1}",,,,,,,,65
112,0.0018030643463134766,0.001164653597300762,0.0,0.0,50,1.0,4,50,0.9,"{'pca__n_components': 50, 'xgb__learning_rate': 1.0, 'xgb__max_depth': 4, 'xgb__n_estimators': 50, 'xgb__subsample': 0.9}",,,,,,,,65
111,0.0009998798370361329,2.78041453115716e-07,0.0,0.0,50,0.1,6,500,1,"{'pca__n_components': 50, 'xgb__learning_rate': 0.1, 'xgb__max_depth': 6, 'xgb__n_estimators': 500, 'xgb__subsample': 1}",,,,,,,,65
110,0.0010009288787841796,2.0697149671755506e-06,0.0,0.0,50,0.1,6,500,0.9,"{'pca__n_components': 50, 'xgb__learning_rate': 0.1, 'xgb__max_depth': 6, 'xgb__n_estimators': 500, 'xgb__subsample': 0.9}",,,,,,,,65
109,0.001599740982055664,0.0004901349839899056,0.0,0.0,50,0.1,6,200,1,"{'pca__n_components': 50, 'xgb__learning_rate': 0.1, 'xgb__max_depth': 6, 'xgb__n_estimators': 200, 'xgb__subsample': 1}",,,,,,,,65
108,0.0017049789428710937,0.0006025182214467671,0.0,0.0,50,0.1,6,200,0.9,"{'pca__n_components': 50, 'xgb__learning_rate': 0.1, 'xgb__max_depth': 6, 'xgb__n_estimators': 200, 'xgb__subsample': 0.9}",,,,,,,,65
107,0.0016011238098144532,0.0007994922118933396,0.0,0.0,50,0.1,6,100,1,"{'pca__n_components': 50, 'xgb__learning_rate': 0.1, 'xgb__max_depth': 6, 'xgb__n_estimators': 100, 'xgb__subsample': 1}",,,,,,,,65
106,0.0018033504486083985,0.0005117094910982124,0.0,0.0,50,0.1,6,100,0.9,"{'pca__n_components': 50, 'xgb__learning_rate': 0.1, 'xgb__max_depth': 6, 'xgb__n_estimators': 100, 'xgb__subsample': 0.9}",,,,,,,,65
105,0.0019029140472412109,0.0009215461877784261,0.0,0.0,50,0.1,6,50,1,"{'pca__n_components': 50, 'xgb__learning_rate': 0.1, 'xgb__max_depth': 6, 'xgb__n_estimators': 50, 'xgb__subsample': 1}",,,,,,,,65
104,0.001504230499267578,0.000637839498889365,0.0,0.0,50,0.1,6,50,0.9,"{'pca__n_components': 50, 'xgb__learning_rate': 0.1, 'xgb__max_depth': 6, 'xgb__n_estimators': 50, 'xgb__subsample': 0.9}",,,,,,,,65
103,0.0015050411224365235,0.0006350291739791421,0.0,0.0,50,0.1,4,500,1,"{'pca__n_components': 50, 'xgb__learning_rate': 0.1, 'xgb__max_depth': 4, 'xgb__n_estimators': 500, 'xgb__subsample': 1}",,,,,,,,65
102,0.0019009113311767578,0.0006626473215017452,0.0,0.0,50,0.1,4,500,0.9,"{'pca__n_components': 50, 'xgb__learning_rate': 0.1, 'xgb__max_depth': 4, 'xgb__n_estimators': 500, 'xgb__subsample': 0.9}",,,,,,,,65
101,0.001604318618774414,0.0003728038727653781,0.0,0.0,50,0.1,4,200,1,"{'pca__n_components': 50, 'xgb__learning_rate': 0.1, 'xgb__max_depth': 4, 'xgb__n_estimators': 200, 'xgb__subsample': 1}",,,,,,,,65
100,0.00120086669921875,0.00040211684619292714,0.0,0.0,50,0.1,4,200,0.9,"{'pca__n_components': 50, 'xgb__learning_rate': 0.1, 'xgb__max_depth': 4, 'xgb__n_estimators': 200, 'xgb__subsample': 0.9}",,,,,,,,65
99,0.001401519775390625,0.000488934499025984,0.0,0.0,50,0.1,4,100,1,"{'pca__n_components': 50, 'xgb__learning_rate': 0.1, 'xgb__max_depth': 4, 'xgb__n_estimators': 100, 'xgb__subsample': 1}",,,,,,,,65
98,0.001401805877685547,0.0004903560335773295,0.0,0.0,50,0.1,4,100,0.9,"{'pca__n_components': 50, 'xgb__learning_rate': 0.1, 'xgb__max_depth': 4, 'xgb__n_estimators': 100, 'xgb__subsample': 0.9}",,,,,,,,65
97,0.0016032695770263673,0.00037338427903555534,0.0,0.0,50,0.1,4,50,1,"{'pca__n_components': 50, 'xgb__learning_rate': 0.1, 'xgb__max_depth': 4, 'xgb__n_estimators': 50, 'xgb__subsample': 1}",,,,,,,,65
96,0.001400327682495117,0.0004898042090126898,0.0,0.0,50,0.1,4,50,0.9,"{'pca__n_components': 50, 'xgb__learning_rate': 0.1, 'xgb__max_depth': 4, 'xgb__n_estimators': 50, 'xgb__subsample': 0.9}",,,,,,,,65
126,0.0014017581939697265,0.0004899079961321359,0.0,0.0,50,1.0,6,500,0.9,"{'pca__n_components': 50, 'xgb__learning_rate': 1.0, 'xgb__max_depth': 6, 'xgb__n_estimators': 500, 'xgb__subsample': 0.9}",,,,,,,,65
191,0.0014034271240234374,0.00037548973698792697,0.0,0.0,100,1.0,6,500,1,"{'pca__n_components': 100, 'xgb__learning_rate': 1.0, 'xgb__max_depth': 6, 'xgb__n_estimators': 500, 'xgb__subsample': 1}",,,,,,,,65
